{"map":{"centerLatitude":37.759786940746764,"centerLongitude":-122.3806861490469,"zoom":13}}